1020011,修炼,0,"","",2,1:50300:3500:1,0,"",0,"",0,"",修炼中...
1040021,感应,5,1:11707:1,"",0,"",0,"",0,"",1,"[{""ID"":""0"",""Msg"":""这···是什么？""},{""ID"":""0"",""Msg"":""掌门？是在···叫我么？""},{""ID"":""0"",""Msg"":""你脑海中隐约有些记忆碎片闪过，但最终归于混沌……""},{""ID"":""0"",""Msg"":""你唯一记得的，便是自己的名字。""},{""ID"":""0"",""Msg"":""{RoleName}……""},{""ID"":""10000301"",""Msg"":""喂，你怎么愣住了？我们得继续赶路了！""},{""ID"":""0"",""Msg"":""啊……好的。""}]",感应中...
3020061,感应,0,"","",2,1:19011:1:1,5,302007,0,"",1,"[{""ID"":""0"",""Msg"":""嗯！？果然！！""},{""ID"":""0"",""Msg"":""头好痛！又是那个声音！！！""},{""ID"":""0"",""Msg"":""天清、紫卿、长胤……好熟悉的名字……啊！？""},{""ID"":""0"",""Msg"":""这就是霜心剑的剑魄？它好像真的认我为主人！可我与玉清派、月影山庄并无瓜葛……""},{""ID"":""0"",""Msg"":""还有刚才脑海中出现的那几个名字又是谁？想不明白……""},{""ID"":""0"",""Msg"":""现在霜心剑禁制既已解开，我也该回去问个究竟了。""}]",感应中...
3030061,感应,0,"","",5,303007,0,"",0,"",0,"",感应中...
3050081,感应,0,"","",5,303009,0,"",0,"",1,"[{""ID"":""0"",""Msg"":""记忆飞快地掠过，最后停在了那一幕：你无力地倒在阵法之中，眼半开半合之间，村民们举着火把，从幽邃的洞口鱼贯涌入。火光在他们脸上闪烁不定，映照着一张张或明或暗的脸庞，而那上面，竟不约而同地浮现出一抹诡异的狂喜。 ""},{""ID"":""0"",""Msg"":""头好疼……""},{""ID"":""0"",""Msg"":""阵法、祭祀文书，这些与留影石中的景像如出一辙……""},{""ID"":""0"",""Msg"":""难道说，这个仪式阵眼中的祭品，就是“我”。""},{""ID"":""0"",""Msg"":""……""},{""ID"":""0"",""Msg"":""这个村子，比我想的要更加神秘莫测，定要多加小心。""},{""ID"":""0"",""Msg"":""不过，既已察觉，我自然不会坐以待毙。""},{""ID"":""0"",""Msg"":""若是仪式失败，看他们要如何！""}]",感应中...
3070091,触摸,0,"","",5,307010,0,"",0,"",0,"",触摸
3070111,注入灵气,0,"","",5,307012,0,"",0,"",0,"",灵气注入...
3070131,进入洞府,0,"","",11,22207,0,"",0,"",0,"",进入...
3080191,触摸,0,"","",5,308020,0,"",0,"",0,"",触摸
3080211,注入灵气,0,"","",5,308023,0,"",0,"",0,"",灵气注入...
3080221,注入灵气,0,"","",5,308024,0,"",0,"",0,"",灵气注入...
3080271,收集泉水,0,"","",2,1:19018:1:1,5,308028,0,"",0,"",收集泉水...
3090071,感应,0,"","",5,309008,0,"",0,"",0,"",感应中...
3150071,摸索,0,"","",2,1:19010:1:1,0,"",0,"",0,"",摸索...
3230141,叩门,0,"","",2,"1:10350:1:1,1:50200:50:1",0,"",0,"",0,"",咚咚！咚咚！
3240181,收集泉水,0,"","",2,1:130202:1:1,0,"",0,"",0,"",收集泉水...
3250231,进入,5,1:19017:1,"",4,10001:24:14,5,325024,0,"",0,"",进入...
3250241,进入,0,"","",4,10001:24:14,0,"",0,"",0,"",进入...
3250251,战斗,0,"","",11,7,0,"",0,"",0,"",准备中
3250261,离开,0,"","",0,"",0,"",0,"",0,"",离开...
3250271,点亮,0,"","",5,325028,0,"",0,"",0,"",点亮...
3250291,点亮,0,"","",5,325030,0,"",0,"",0,"",点亮...
3250311,战斗,0,"","",11,7,0,"",0,"",0,"",准备中
3250321,点亮,0,"","",5,325036,0,"",0,"",0,"",点亮...
3250331,点亮,0,"","",5,325037,0,"",0,"",0,"",点亮...
3250341,点亮,0,"","",5,325038,0,"",0,"",0,"",点亮...
3250351,点亮,0,"","",5,325039,0,"",0,"",0,"",点亮...
3250401,砸开,0,"","",0,"",0,"",0,"",0,"",砸开
3250411,砸开,0,"","",0,"",0,"",0,"",0,"",砸开
3250421,砸开,0,"","",0,"",0,"",0,"",0,"",砸开
1010011,开启,0,"","",2,"1:12400:1:1,1:53300:60:1,1:50200:300:1,1:150012:1:1,1:150007:1:1,1:150017:1:1,1:150002:1:1",0,"",0,"",0,"",开启中...
1010021,挖掘,0,"","",2,1:50200:500:1,0,"",0,"",0,"",挖掘中...
1020021,开启,0,"","",2,"1:53300:20:1,1:50200:50:1,1:60101:1:1",0,"",0,"",0,"",开启中...
1020031,挖掘,0,"","",2,1:50200:10000:1,0,"",0,"",0,"",挖掘中...
1020041,开启,0,"","",2,"1:53300:20:1,1:50200:50:1,1:60101:1:1",0,"",0,"",0,"",开启中...
1020051,修炼,0,"","",2,1:50300:3500:1,0,"",0,"",0,"",修炼中...
1020061,修炼,0,"","",2,1:50300:3500:1,0,"",0,"",0,"",修炼中...
1020071,挖掘,0,"","",2,1:50200:10000:1,0,"",0,"",0,"",挖掘中...
1020081,挖掘,0,"","",2,1:50200:10000:1,0,"",0,"",0,"",挖掘中...
1020091,开启,0,"","",2,"1:12400:1:1,1:53300:60:1,1:50200:300:1,1:150012:1:1,1:150007:1:1,1:150017:1:1,1:150002:1:1",0,"",0,"",0,"",开启中...
1030011,开启,0,"","",2,"1:53300:20:1,1:50200:50:1,1:60101:1:1",0,"",0,"",0,"",开启中...
1030021,开启,0,"","",2,"1:12400:1:1,1:53300:60:1,1:50200:300:1,1:150012:1:1,1:150007:1:1,1:150017:1:1,1:150002:1:1",0,"",0,"",0,"",开启中...
1030031,修炼,0,"","",2,1:50300:3500:1,0,"",0,"",0,"",修炼中...
1030041,解救,0,"","",5,103005,5,103006,0,"",2,"""为了答谢你的搭救，灵狐帮你挖出一条神秘地道""",解救中...
1030051,进入,0,"","",4,1000:16:27,0,"",0,"",0,"",进入...
1030061,进入,0,"","",4,1000:14:23,0,"",0,"",0,"",进入...
1030071,修炼,0,"","",2,1:50300:3500:1,5,103013,0,"",0,"",修炼中...
1030081,开启,0,"","",2,"1:12400:1:1,1:53300:60:1,1:50200:300:1,1:150012:1:1,1:150007:1:1,1:150017:1:1,1:150002:1:1",0,"",0,"",0,"",开启中...
1030091,挖掘,0,"","",2,1:50200:10000:1,0,"",0,"",0,"",挖掘中...
1030101,开启,0,"","",2,"1:53300:20:1,1:50200:50:1,1:60101:1:1",0,"",0,"",0,"",开启中...
1030111,开启,0,"","",2,"1:53300:20:1,1:50200:50:1,1:60101:1:1",0,"",0,"",0,"",开启中...
1030121,开启,0,"","",2,"1:53300:20:1,1:50200:50:1,1:60101:1:1",0,"",0,"",0,"",开启中...
1040011,挖掘,0,"","",2,1:50200:10000:1,0,"",0,"",0,"",挖掘中...
1040031,挖掘,0,"","",2,1:50200:10000:1,0,"",0,"",0,"",挖掘中...
1040041,开启,0,"","",2,"1:53300:20:1,1:50200:50:1,1:60101:1:1",0,"",0,"",0,"",开启中...
1040051,擦拭,0,"","",2,1:50200:200:1,5,104006,0,"",0,"",擦拭中...
1040061,注入灵气,5,1:50200:100,"",2,1:53300:20:1,5,104007,0,"",0,"",灵气注入...
1040062,强行破解,2,DcMax:15,"",2,1:53300:20:1,5,104007,0,"",0,"",强行破解中...
1040071,挖开碑文,0,"","",2,3:113013:1:1,0,"",0,"",2,"""维持这块石碑的灵力在你这番操作下，纷纷凋敝，终至消逝，石碑轰然倒塌""",挖掘中...
1040072,感悟碑文,2,JinAtk:10,"",2,"3:113013:1:1,1:50300:5000:1",0,"",0,"",2,"""维持这块石碑的灵力在你这番操作下，纷纷凋敝，终至消逝，石碑轰然倒塌""",感悟中...
1040081,挖掘,0,"","",2,1:50200:10000:1,0,"",0,"",0,"",挖掘中...
1040091,修炼,0,"","",2,1:50300:3500:1,0,"",0,"",0,"",修炼中...
1040101,挖掘,0,"","",2,1:50200:10000:1,0,"",0,"",0,"",挖掘中...
1040111,修炼,0,"","",2,1:50300:3500:1,0,"",0,"",0,"",修炼中...
1040121,修炼,0,"","",2,1:50300:3500:1,0,"",0,"",0,"",修炼中...
1040131,开启,0,"","",2,"1:12400:1:1,1:53300:60:1,1:50200:300:1,1:150012:1:1,1:150007:1:1,1:150017:1:1,1:150002:1:1",0,"",0,"",0,"",开启中...
1040141,挖掘,0,"","",2,1:50200:10000:1,0,"",0,"",0,"",挖掘中...
1040151,开启,0,"","",2,1:60700:1:1,0,"",0,"",0,"",开启中...
1040161,倒反天罡,0,"","",11,10,0,"",0,"",0,"",""
1050011,开启,0,"","",2,"1:12400:1:1,1:53300:60:1,1:50200:300:1,1:150012:1:1,1:150007:1:1,1:150017:1:1,1:150002:1:1",0,"",0,"",0,"",开启中...
1050021,修炼,0,"","",2,1:50300:3500:1,0,"",0,"",0,"",修炼中...
1050031,修炼,0,"","",2,1:50300:3500:1,0,"",0,"",0,"",修炼中...
1050041,修炼,0,"","",2,1:50300:3500:1,0,"",0,"",0,"",修炼中...
1050061,开启,0,"","",2,"1:53300:20:1,1:50200:50:1,1:60101:1:1",0,"",0,"",0,"",开启中...
1050071,修炼,0,"","",2,1:50300:3500:1,0,"",0,"",0,"",修炼中...
1050081,开启,0,"","",2,"1:53300:20:1,1:50200:50:1,1:60101:1:1",0,"",0,"",0,"",开启中...
3000011,挖掘,0,"","",2,1:50200:10000:1,0,"",0,"",0,"",挖掘中...
3000021,挖掘,0,"","",2,1:50200:10000:1,0,"",0,"",0,"",挖掘中...
3000031,挖掘,0,"","",2,1:50200:10000:1,0,"",0,"",0,"",挖掘中...
3000041,挖掘,0,"","",2,1:50200:10000:1,0,"",0,"",0,"",挖掘中...
3000051,挖掘,0,"","",2,1:50200:10000:1,0,"",0,"",0,"",挖掘中...
3000061,挖掘,0,"","",2,1:50200:10000:1,0,"",0,"",0,"",挖掘中...
3000071,挖掘,0,"","",2,1:50200:10000:1,0,"",0,"",0,"",挖掘中...
3000081,挖掘,0,"","",2,1:53300:50:1,0,"",0,"",0,"",挖掘中...
3000091,挖掘,0,"","",2,1:50200:10000:1,0,"",0,"",0,"",挖掘中...
3000101,挖掘,0,"","",2,1:53300:50:1,0,"",0,"",0,"",挖掘中...
3000111,挖掘,0,"","",2,1:53300:50:1,0,"",0,"",0,"",挖掘中...
3000121,挖掘,0,"","",2,1:53300:50:1,0,"",0,"",0,"",挖掘中...
3000131,挖掘,0,"","",2,1:53300:50:1,0,"",0,"",0,"",挖掘中...
3000141,挖掘,0,"","",2,1:50200:10000:1,0,"",0,"",0,"",挖掘中...
3000151,挖掘,0,"","",2,1:53300:50:1,0,"",0,"",0,"",挖掘中...
3000161,挖掘,0,"","",2,1:53300:50:1,0,"",0,"",0,"",挖掘中...
3000171,挖掘,0,"","",2,1:53300:50:1,0,"",0,"",0,"",挖掘中...
3000181,挖掘,0,"","",2,1:50200:10000:1,0,"",0,"",0,"",挖掘中...
3000191,挖掘,0,"","",2,1:53300:50:1,0,"",0,"",0,"",挖掘中...
3000201,挖掘,0,"","",2,1:53300:50:1,0,"",0,"",0,"",挖掘中...
3000211,挖掘,0,"","",2,1:50200:10000:1,0,"",0,"",0,"",挖掘中...
3000221,挖掘,0,"","",2,1:53300:50:1,0,"",0,"",0,"",挖掘中...
3000231,挖掘,0,"","",2,1:53300:50:1,0,"",0,"",0,"",挖掘中...
3000241,挖掘,0,"","",2,1:50200:10000:1,0,"",0,"",0,"",挖掘中...
3000251,挖掘,0,"","",2,1:50200:10000:1,0,"",0,"",0,"",挖掘中...
3000261,挖掘,0,"","",2,1:50200:10000:1,0,"",0,"",0,"",挖掘中...
3000271,挖掘,0,"","",2,1:50200:10000:1,0,"",0,"",0,"",挖掘中...
3000281,挖掘,0,"","",2,1:50200:10000:1,0,"",0,"",0,"",挖掘中...
3000291,挖掘,0,"","",2,1:53300:50:1,0,"",0,"",0,"",挖掘中...
3000301,挖掘,0,"","",2,1:53300:50:1,0,"",0,"",0,"",挖掘中...
3000311,强行破解,1,171,"",0,"",0,"",0,"",0,"",破解中...
3000312,破解,5,1:11723:1,"",0,"",0,"",0,"",0,"",破解中...
3000321,强行破解,1,171,"",0,"",0,"",0,"",0,"",破解中...
3000322,破解,5,1:11723:1,"",0,"",0,"",0,"",0,"",破解中...
3000331,强行破解,1,171,"",0,"",0,"",0,"",0,"",破解中...
3000332,破解,5,1:11723:1,"",0,"",0,"",0,"",0,"",破解中...
3000341,强行破解,1,171,"",0,"",0,"",0,"",0,"",挖掘中...
3000342,破解,5,1:11724:1,"",0,"",0,"",0,"",0,"",破解中...
3000351,挖掘,0,"","",2,1:53300:50:1,0,"",0,"",0,"",挖掘中...
3000361,挖掘,0,"","",2,1:53300:50:1,0,"",0,"",0,"",挖掘中...
3000371,挖掘,0,"","",2,1:50200:10000:1,0,"",0,"",0,"",挖掘中...
3000381,挖掘,0,"","",2,1:53300:50:1,0,"",0,"",0,"",挖掘中...
3000391,挖掘,0,"","",2,1:53300:50:1,0,"",0,"",0,"",挖掘中...
3000401,挖掘,0,"","",2,1:53300:50:1,0,"",0,"",0,"",挖掘中...
3000411,挖掘,0,"","",2,1:53300:50:1,0,"",0,"",0,"",挖掘中...
3000421,挖掘,0,"","",2,1:53300:50:1,0,"",0,"",0,"",挖掘中...
3000431,挖掘,0,"","",2,1:53300:50:1,0,"",0,"",0,"",挖掘中...
3000441,挖掘,0,"","",2,1:50200:10000:1,0,"",0,"",0,"",挖掘中...
3000451,挖掘,0,"","",2,1:50200:10000:1,0,"",0,"",0,"",挖掘中...
3000461,挖掘,0,"","",2,1:50200:10000:1,0,"",0,"",0,"",挖掘中...
3000471,挖掘,0,"","",2,1:50200:10000:1,0,"",0,"",0,"",挖掘中...
3000481,挖掘,0,"","",2,1:50200:10000:1,0,"",0,"",0,"",挖掘中...
3000491,挖掘,0,"","",2,1:50200:10000:1,0,"",0,"",0,"",挖掘中...
3000501,修炼,0,"","",2,1:50300:10000:1,0,"",0,"",0,"",修炼中...
3000511,修炼,0,"","",2,1:50300:10000:1,0,"",0,"",0,"",修炼中...
3000521,修炼,0,"","",2,1:50300:10000:1,0,"",0,"",0,"",修炼中...
3000531,修炼,0,"","",2,1:50300:10000:1,0,"",0,"",0,"",修炼中...
3000541,修炼,0,"","",2,1:50300:10000:1,0,"",0,"",0,"",修炼中...
3000551,修炼,0,"","",2,1:50300:10000:1,0,"",0,"",0,"",修炼中...
3000561,修炼,0,"","",2,1:50300:10000:1,0,"",0,"",0,"",修炼中...
3000571,修炼,0,"","",2,1:50300:10000:1,0,"",0,"",0,"",修炼中...
3000581,修炼,0,"","",2,1:50300:10000:1,0,"",0,"",0,"",修炼中...
3000591,修炼,0,"","",2,1:50300:10000:1,0,"",0,"",0,"",修炼中...
3000601,修炼,0,"","",2,1:50300:10000:1,0,"",0,"",0,"",修炼中...
3000611,修炼,0,"","",2,1:50300:10000:1,0,"",0,"",0,"",修炼中...
3000621,修炼,0,"","",2,1:50300:10000:1,0,"",0,"",0,"",修炼中...
3000631,修炼,0,"","",2,1:50300:20000:1,0,"",0,"",0,"",修炼中...
3000641,修炼,0,"","",2,1:50300:20000:1,0,"",0,"",0,"",修炼中...
3000651,修炼,0,"","",2,1:50300:20000:1,0,"",0,"",0,"",修炼中...
3000661,修炼,0,"","",2,1:50300:20000:1,0,"",0,"",0,"",修炼中...
3000671,修炼,0,"","",2,1:50300:20000:1,0,"",0,"",0,"",修炼中...
3000681,修炼,0,"","",2,1:50300:20000:1,0,"",0,"",0,"",修炼中...
3000691,修炼,0,"","",2,1:50300:20000:1,0,"",0,"",0,"",修炼中...
3000701,修炼,0,"","",2,1:50300:20000:1,0,"",0,"",0,"",修炼中...
3000711,修炼,0,"","",2,1:50300:20000:1,0,"",0,"",0,"",修炼中...
3000721,修炼,0,"","",2,1:50300:20000:1,0,"",0,"",0,"",修炼中...
3000731,修炼,0,"","",2,1:50300:20000:1,0,"",0,"",0,"",修炼中...
3000741,修炼,0,"","",2,1:50300:20000:1,0,"",0,"",0,"",修炼中...
3000751,修炼,0,"","",2,1:50300:20000:1,0,"",0,"",0,"",修炼中...
3000761,修炼,0,"","",2,1:50300:20000:1,0,"",0,"",0,"",修炼中...
3000771,修炼,0,"","",2,1:50300:20000:1,0,"",0,"",0,"",修炼中...
3000781,修炼,0,"","",2,1:50300:50000:1,0,"",0,"",0,"",修炼中...
3000791,修炼,0,"","",2,1:50300:50000:1,0,"",0,"",0,"",修炼中...
3000801,修炼,0,"","",2,1:50300:50000:1,0,"",0,"",0,"",修炼中...
3000811,修炼,0,"","",2,1:50300:50000:1,0,"",0,"",0,"",修炼中...
3000821,修炼,0,"","",2,1:50300:50000:1,0,"",0,"",0,"",修炼中...
3000831,修炼,0,"","",2,1:50300:50000:1,0,"",0,"",0,"",修炼中...
3000841,修炼,0,"","",2,1:50300:50000:1,0,"",0,"",0,"",修炼中...
3000851,修炼,0,"","",2,1:50300:50000:1,0,"",0,"",0,"",修炼中...
3000861,修炼,0,"","",2,1:50300:50000:1,0,"",0,"",0,"",修炼中...
3000871,修炼,0,"","",2,1:50300:50000:1,0,"",0,"",0,"",修炼中...
3000881,修炼,0,"","",2,1:50300:50000:1,0,"",0,"",0,"",修炼中...
3000891,修炼,0,"","",2,1:50300:50000:1,0,"",0,"",0,"",修炼中...
3000901,修炼,0,"","",2,1:50300:50000:1,0,"",0,"",0,"",修炼中...
3000911,修炼,0,"","",2,1:50300:50000:1,0,"",0,"",0,"",修炼中...
3000921,修炼,0,"","",2,1:50300:50000:1,0,"",0,"",0,"",修炼中...
3000931,修炼,0,"","",2,1:50300:50000:1,0,"",0,"",0,"",修炼中...
3000941,修炼,0,"","",2,1:50300:50000:1,0,"",0,"",0,"",修炼中...
3000951,修炼,0,"","",2,1:50300:50000:1,0,"",0,"",0,"",修炼中...
3000961,修炼,0,"","",2,1:50300:50000:1,0,"",0,"",0,"",修炼中...
3000971,开启,0,"","",2,"1:12400:2:1,1:53300:100:1,1:50200:1000:1,1:150012:1:1,1:150007:1:1,1:150017:1:1,1:150002:1:1",0,"",0,"",0,"",开启中...
3000981,开启,0,"","",2,"1:12400:2:1,1:53300:100:1,1:50200:1000:1,1:150012:1:1,1:150007:1:1,1:150017:1:1,1:150002:1:1",9,325026,0,"",0,"",开启中...
3000991,开启,0,"","",2,"1:12400:2:1,1:53300:100:1,1:50200:1000:1,1:150012:1:1,1:150007:1:1,1:150017:1:1,1:150002:1:1",0,"",0,"",0,"",开启中...
3001001,开启,0,"","",2,"1:12400:1:1,1:53300:60:1,1:50200:300:1,1:150012:1:1,1:150007:1:1,1:150017:1:1,1:150002:1:1",0,"",0,"",0,"",开启中...
3001011,开启,0,"","",2,"1:12400:1:1,1:53300:60:1,1:50200:300:1,1:150017:1:1,1:150022:1:1,1:150027:1:1,1:150032:1:1",0,"",0,"",0,"",开启中...
3001021,开启,0,"","",2,"1:12400:1:1,1:53300:60:1,1:50200:300:1,1:150012:1:1,1:150007:1:1,1:150017:1:1,1:150002:1:1",0,"",0,"",0,"",开启中...
3001031,开启,0,"","",2,"1:12400:1:1,1:53300:60:1,1:50200:300:1,1:150017:1:1,1:150022:1:1,1:150027:1:1,1:150032:1:1",0,"",0,"",0,"",开启中...
3001041,开启,0,"","",2,"1:12400:1:1,1:53300:60:1,1:50200:300:1,1:150012:1:1,1:150007:1:1,1:150017:1:1,1:150002:1:1",0,"",0,"",0,"",开启中...
3001051,开启,0,"","",2,"1:12400:1:1,1:53300:60:1,1:50200:300:1,1:150017:1:1,1:150022:1:1,1:150027:1:1,1:150032:1:1",0,"",0,"",0,"",开启中...
3001061,开启,0,"","",2,"1:12400:1:1,1:53300:60:1,1:50200:300:1,1:150012:1:1,1:150007:1:1,1:150017:1:1,1:150002:1:1",0,"",0,"",0,"",开启中...
3001071,开启,0,"","",2,"1:12400:1:1,1:53300:60:1,1:50200:300:1,1:150017:1:1,1:150022:1:1,1:150027:1:1,1:150032:1:1",0,"",0,"",0,"",开启中...
3001081,开启,0,"","",2,"1:12400:1:1,1:53300:60:1,1:50200:300:1,1:150012:1:1,1:150007:1:1,1:150017:1:1,1:150002:1:1",0,"",0,"",0,"",开启中...
3001091,开启,0,"","",2,"1:12400:1:1,1:53300:60:1,1:50200:300:1,1:150017:1:1,1:150022:1:1,1:150027:1:1,1:150032:1:1",0,"",0,"",0,"",开启中...
3001101,开启,0,"","",2,"1:12400:1:1,1:53300:60:1,1:50200:300:1,1:150012:1:1,1:150007:1:1,1:150017:1:1,1:150002:1:1",0,"",0,"",0,"",开启中...
3001111,开启,0,"","",2,"1:12400:1:1,1:53300:60:1,1:50200:300:1,1:150017:1:1,1:150022:1:1,1:150027:1:1,1:150032:1:1",0,"",0,"",0,"",开启中...
3001121,开启,0,"","",2,"1:12400:1:1,1:53300:60:1,1:50200:300:1,1:150012:1:1,1:150007:1:1,1:150017:1:1,1:150002:1:1",0,"",0,"",0,"",开启中...
3001131,开启,0,"","",2,"1:12400:1:1,1:53300:60:1,1:50200:300:1,1:150017:1:1,1:150022:1:1,1:150027:1:1,1:150032:1:1",0,"",0,"",0,"",开启中...
3001141,开启,0,"","",2,"1:12400:1:1,1:53300:60:1,1:50200:300:1,1:150012:1:1,1:150007:1:1,1:150017:1:1,1:150002:1:1",0,"",0,"",0,"",开启中...
3001151,开启,0,"","",2,"1:12400:1:1,1:53300:60:1,1:50200:300:1,1:150017:1:1,1:150022:1:1,1:150027:1:1,1:150032:1:1",0,"",0,"",0,"",开启中...
3001161,开启,0,"","",2,"1:12400:1:1,1:53300:60:1,1:50200:300:1,1:150012:1:1,1:150007:1:1,1:150017:1:1,1:150002:1:1",0,"",0,"",0,"",开启中...
3001171,开启,0,"","",2,"1:12400:1:1,1:53300:60:1,1:50200:300:1,1:150017:1:1,1:150022:1:1,1:150027:1:1,1:150032:1:1",0,"",0,"",0,"",开启中...
3001181,开启,0,"","",2,"1:12400:1:1,1:53300:60:1,1:50200:300:1,1:150012:1:1,1:150007:1:1,1:150017:1:1,1:150002:1:1",0,"",0,"",0,"",开启中...
3001191,开启,0,"","",2,"1:12400:1:1,1:53300:60:1,1:50200:300:1,1:150017:1:1,1:150022:1:1,1:150027:1:1,1:150032:1:1",0,"",0,"",0,"",开启中...
3001201,开启,0,"","",2,"1:12400:1:1,1:53300:60:1,1:50200:300:1,1:150012:1:1,1:150007:1:1,1:150017:1:1,1:150002:1:1",0,"",0,"",0,"",开启中...
3001211,开启,0,"","",2,"1:12400:1:1,1:53300:60:1,1:50200:300:1,1:150017:1:1,1:150022:1:1,1:150027:1:1,1:150032:1:1",0,"",0,"",0,"",开启中...
3001221,开启,0,"","",2,"1:12400:1:1,1:53300:60:1,1:50200:300:1,1:150012:1:1,1:150007:1:1,1:150017:1:1,1:150002:1:1",0,"",0,"",0,"",开启中...
3001231,开启,0,"","",2,"1:12400:1:1,1:53300:60:1,1:50200:300:1,1:150017:1:1,1:150022:1:1,1:150027:1:1,1:150032:1:1",0,"",0,"",0,"",开启中...
3001241,开启,0,"","",2,"1:12400:1:1,1:53300:60:1,1:50200:300:1,1:150012:1:1,1:150007:1:1,1:150017:1:1,1:150002:1:1",0,"",0,"",0,"",开启中...
3001251,开启,0,"","",2,"1:12400:1:1,1:53300:60:1,1:50200:300:1,1:150017:1:1,1:150022:1:1,1:150027:1:1,1:150032:1:1",0,"",0,"",0,"",开启中...
3001261,开启,0,"","",2,"1:12400:1:1,1:53300:60:1,1:50200:300:1,1:150012:1:1,1:150007:1:1,1:150017:1:1,1:150002:1:1",0,"",0,"",0,"",开启中...
3001271,开启,0,"","",2,"1:12400:1:1,1:53300:60:1,1:50200:300:1,1:150017:1:1,1:150022:1:1,1:150027:1:1,1:150032:1:1",0,"",0,"",0,"",开启中...
3001281,开启,0,"","",2,"1:12400:1:1,1:53300:60:1,1:50200:300:1,1:150012:1:1,1:150007:1:1,1:150017:1:1,1:150002:1:1",0,"",0,"",0,"",开启中...
3001291,开启,0,"","",2,"1:12400:1:1,1:53300:60:1,1:50200:300:1,1:150017:1:1,1:150022:1:1,1:150027:1:1,1:150032:1:1",0,"",0,"",0,"",开启中...
3001301,开启,0,"","",2,"1:12400:1:1,1:53300:60:1,1:50200:300:1,1:150012:1:1,1:150007:1:1,1:150017:1:1,1:150002:1:1",0,"",0,"",0,"",开启中...
3001311,开启,0,"","",2,"1:12400:1:1,1:53300:60:1,1:50200:300:1,1:150017:1:1,1:150022:1:1,1:150027:1:1,1:150032:1:1",0,"",0,"",0,"",开启中...
3001321,开启,0,"","",2,"1:53300:20:1,1:50200:150:1,1:60105:1:1",0,"",0,"",0,"",开启中...
3001331,开启,0,"","",2,"1:53300:20:1,1:50200:150:1,1:60105:1:1",0,"",0,"",0,"",开启中...
3001341,开启,0,"","",2,"1:53300:20:1,1:50200:150:1,1:60105:1:1",0,"",0,"",0,"",开启中...
3001351,开启,0,"","",2,"1:53300:20:1,1:50200:150:1,1:60105:1:1",0,"",0,"",0,"",开启中...
3001361,开启,0,"","",2,"1:53300:20:1,1:50200:150:1,1:60105:1:1",0,"",0,"",0,"",开启中...
3001371,开启,0,"","",2,"1:53300:20:1,1:50200:150:1,1:60105:1:1",0,"",0,"",0,"",开启中...
3001381,开启,0,"","",2,"1:53300:20:1,1:50200:150:1,1:60105:1:1",0,"",0,"",0,"",开启中...
3001391,开启,0,"","",2,"1:53300:20:1,1:50200:150:1,1:60105:1:1",0,"",0,"",0,"",开启中...
3001401,开启,0,"","",2,"1:53300:20:1,1:50200:150:1,1:60105:1:1",0,"",0,"",0,"",开启中...
3001411,开启,0,"","",2,"1:53300:20:1,1:50200:150:1,1:60105:1:1",0,"",0,"",0,"",开启中...
3001421,开启,0,"","",2,"1:53300:20:1,1:50200:150:1,1:60105:1:1",0,"",0,"",0,"",开启中...
3001431,开启,0,"","",2,"1:53300:20:1,1:50200:150:1,1:60105:1:1",0,"",0,"",0,"",开启中...
3001441,开启,0,"","",2,"1:53300:20:1,1:50200:450:1,1:60109:1:1",0,"",0,"",0,"",开启中...
3001451,开启,0,"","",2,"1:53300:20:1,1:50200:450:1,1:60109:1:1",0,"",0,"",0,"",开启中...
3001461,开启,0,"","",2,"1:53300:20:1,1:50200:450:1,1:60109:1:1",0,"",0,"",0,"",开启中...
3001471,开启,0,"","",2,"1:53300:20:1,1:50200:450:1,1:60109:1:1",0,"",0,"",0,"",开启中...
3001481,开启,0,"","",2,"1:53300:20:1,1:50200:450:1,1:60109:1:1",0,"",0,"",0,"",开启中...
3001491,开启,0,"","",2,"1:53300:20:1,1:50200:450:1,1:60109:1:1",0,"",0,"",0,"",开启中...
3001501,开启,0,"","",2,"1:53300:20:1,1:50200:450:1,1:60109:1:1",0,"",0,"",0,"",开启中...
3001511,开启,0,"","",2,"1:53300:20:1,1:50200:450:1,1:60109:1:1",0,"",0,"",0,"",开启中...
3001521,开启,0,"","",2,"1:53300:20:1,1:50200:450:1,1:60109:1:1",0,"",0,"",0,"",开启中...
3001531,开启,0,"","",2,"1:53300:20:1,1:50200:450:1,1:60109:1:1",0,"",0,"",0,"",开启中...
3001541,开启,0,"","",2,"1:53300:20:1,1:50200:450:1,1:60109:1:1",0,"",0,"",0,"",开启中...
3001551,开启,0,"","",2,"1:53300:20:1,1:50200:450:1,1:60109:1:1",0,"",0,"",0,"",开启中...
3001561,开启,0,"","",2,"1:53300:20:1,1:50200:450:1,1:60109:1:1",0,"",0,"",0,"",开启中...
3001571,开启,0,"","",2,"1:53300:20:1,1:50200:600:1,1:60113:1:1",0,"",0,"",0,"",开启中...
3001581,开启,0,"","",2,"1:53300:20:1,1:50200:600:1,1:60113:1:1",0,"",0,"",0,"",开启中...
3001591,开启,0,"","",2,"1:53300:20:1,1:50200:600:1,1:60113:1:1",0,"",0,"",0,"",开启中...
3001601,开启,0,"","",2,"1:53300:20:1,1:50200:600:1,1:60113:1:1",0,"",0,"",0,"",开启中...
3001611,开启,0,"","",2,"1:53300:20:1,1:50200:600:1,1:60113:1:1",0,"",0,"",0,"",开启中...
3001621,开启,0,"","",2,"1:53300:20:1,1:50200:600:1,1:60113:1:1",0,"",0,"",0,"",开启中...
3001631,开启,0,"","",2,"1:53300:20:1,1:50200:600:1,1:60113:1:1",0,"",0,"",0,"",开启中...
3001641,开启,0,"","",2,"1:53300:20:1,1:50200:600:1,1:60113:1:1",0,"",0,"",0,"",开启中...
3001651,开启,0,"","",2,"1:53300:20:1,1:50200:600:1,1:60113:1:1",0,"",0,"",0,"",开启中...
3001661,开启,0,"","",2,"1:53300:20:1,1:50200:600:1,1:60113:1:1",0,"",0,"",0,"",开启中...
3001671,开启,0,"","",2,"1:53300:20:1,1:50200:600:1,1:60113:1:1",0,"",0,"",0,"",开启中...
3001681,开启,0,"","",2,"1:53300:20:1,1:50200:600:1,1:60113:1:1",0,"",0,"",0,"",开启中...
3001691,开启,0,"","",2,"1:53300:20:1,1:50200:600:1,1:60113:1:1",0,"",0,"",0,"",开启中...
3001701,开启,0,"","",2,"1:53300:20:1,1:50200:600:1,1:60113:1:1",0,"",0,"",0,"",开启中...
3001711,开启,0,"","",2,"1:53300:20:1,1:50200:600:1,1:60113:1:1",0,"",0,"",0,"",开启中...
3001721,开启,0,"","",2,"1:53300:20:1,1:50200:600:1,1:60113:1:1",0,"",0,"",0,"",开启中...
3001731,开启,0,"","",2,"1:53300:20:1,1:50200:600:1,1:60113:1:1",0,"",0,"",0,"",开启中...
3001741,开启,0,"","",2,"1:53300:20:1,1:50200:600:1,1:60113:1:1",0,"",0,"",0,"",开启中...
3001751,开启,0,"","",2,"1:53300:20:1,1:50200:600:1,1:60113:1:1",0,"",0,"",0,"",开启中...
3001761,开启,0,"","",2,"1:53300:20:1,1:50200:600:1,1:60113:1:1",0,"",0,"",0,"",开启中...
3001771,开启,0,"","",2,"1:53300:20:1,1:50200:600:1,1:60113:1:1",0,"",0,"",0,"",开启中...
3001781,开启,0,"","",2,"1:53300:20:1,1:50200:600:1,1:60113:1:1",0,"",0,"",0,"",开启中...
3001791,开启,0,"","",2,"1:53300:20:1,1:50200:600:1,1:60113:1:1",0,"",0,"",0,"",开启中...
3001801,开启,0,"","",2,"1:53300:20:1,1:50200:600:1,1:60113:1:1",0,"",0,"",0,"",开启中...
3001811,开启,0,"","",2,"1:53300:20:1,1:50200:600:1,1:60113:1:1",0,"",0,"",0,"",开启中...
3001821,开启,0,"","",2,"1:53300:20:1,1:50200:600:1,1:60113:1:1",0,"",0,"",0,"",开启中...
3001831,开启,0,"","",2,"1:53300:20:1,1:50200:600:1,1:60113:1:1",0,"",0,"",0,"",开启中...
3001841,开启,0,"","",2,"1:53300:20:1,1:50200:600:1,1:60113:1:1",0,"",0,"",0,"",开启中...
3001851,开启,0,"","",2,"1:53300:20:1,1:50200:600:1,1:60113:1:1",0,"",0,"",0,"",开启中...
3001861,开启,0,"","",2,"1:53300:20:1,1:50200:600:1,1:60113:1:1",0,"",0,"",0,"",开启中...
3001871,开启,0,"","",2,"1:53300:20:1,1:50200:600:1,1:60113:1:1",0,"",0,"",0,"",开启中...
3001881,开启,0,"","",2,"1:53300:20:1,1:50200:600:1,1:60113:1:1",0,"",0,"",0,"",开启中...
3001891,开启,0,"","",2,"1:53300:20:1,1:50200:600:1,1:60113:1:1",0,"",0,"",0,"",开启中...
3001901,开启,0,"","",2,"1:53300:20:1,1:50200:600:1,1:60113:1:1",0,"",0,"",0,"",开启中...
3001911,开启,0,"","",2,"1:53300:20:1,1:50200:600:1,1:60113:1:1",0,"",0,"",0,"",开启中...
3001921,开启,0,"","",2,"1:53300:20:1,1:50200:600:1,1:60113:1:1",0,"",0,"",0,"",开启中...
3001931,开启,0,"","",2,"1:53300:20:1,1:50200:600:1,1:60113:1:1",0,"",0,"",0,"",开启中...
3001941,开启,0,"","",2,"1:53300:20:1,1:50200:600:1,1:60113:1:1",0,"",0,"",0,"",开启中...
3001951,开启,0,"","",2,"1:53300:20:1,1:50200:600:1,1:60113:1:1",0,"",0,"",0,"",开启中...
3001961,开启,0,"","",2,"1:53300:20:1,1:50200:600:1,1:60113:1:1",0,"",0,"",0,"",开启中...
3001971,开启,0,"","",2,"1:53300:20:1,1:50200:600:1,1:60113:1:1",0,"",0,"",0,"",开启中...
3001981,开启,0,"","",2,"1:53300:20:1,1:50200:600:1,1:60113:1:1",0,"",0,"",0,"",开启中...
3001991,开启,0,"","",2,"1:53300:20:1,1:50200:600:1,1:60113:1:1",0,"",0,"",0,"",开启中...
3002001,开启,0,"","",2,"1:53300:20:1,1:50200:600:1,1:60113:1:1",0,"",0,"",0,"",开启中...
3002011,开启,0,"","",2,"1:53300:20:1,1:50200:600:1,1:60113:1:1",0,"",0,"",0,"",开启中...
3002021,开启,0,"","",2,"1:53300:20:1,1:50200:600:1,1:60113:1:1",0,"",0,"",0,"",开启中...
3002031,开启,0,"","",2,"1:53300:20:1,1:50200:600:1,1:60113:1:1",0,"",0,"",0,"",开启中...
3002041,开启,0,"","",2,"1:53300:20:1,1:50200:600:1,1:60113:1:1",0,"",0,"",0,"",开启中...
3002051,开启,0,"","",2,"1:12400:2:1,1:53300:100:1,1:50200:1000:1,1:150012:1:1,1:150007:1:1,1:150017:1:1,1:150002:1:1",0,"",0,"",0,"",开启中...
3002061,挖掘,0,"","",2,1:50200:10000:1,0,"",0,"",0,"",挖掘中...
3002071,修炼,0,"","",2,1:50300:10000:1,0,"",0,"",0,"",修炼中...
3002081,修炼,0,"","",2,1:50300:550000:1,0,"",0,"",0,"",修炼中...
3002091,修炼,0,"","",2,1:50300:550000:1,0,"",0,"",0,"",修炼中...
3002101,修炼,0,"","",2,1:50300:550000:1,0,"",0,"",0,"",修炼中...
3002111,开启,0,"","",2,"1:12400:1:1,1:53300:60:1,1:50200:300:1,1:150012:1:1,1:150007:1:1,1:150017:1:1,1:150002:1:1",0,"",0,"",0,"",开启中...
3002121,开启,0,"","",2,"1:53300:20:1,1:50200:150:1,1:60105:1:1",0,"",0,"",0,"",开启中...
3002131,开启,0,"","",2,"1:53300:20:1,1:50200:150:1,1:60105:1:1",0,"",0,"",0,"",开启中...
3002141,开启,0,"","",2,"1:53300:20:1,1:50200:450:1,1:60109:1:1",0,"",0,"",0,"",开启中...
3002151,开启,0,"","",2,"1:53300:20:1,1:50200:450:1,1:60109:1:1",0,"",0,"",0,"",开启中...
3002161,开启,0,"","",2,"1:53300:20:1,1:50200:450:1,1:60109:1:1",0,"",0,"",0,"",开启中...
3002171,开启,0,"","",2,"1:53300:20:1,1:50200:450:1,1:60109:1:1",0,"",0,"",0,"",开启中...
3002181,开启,0,"","",2,"1:53300:20:1,1:50200:450:1,1:60109:1:1",0,"",0,"",0,"",开启中...
3002191,开启,0,"","",2,"1:53300:20:1,1:50200:600:1,1:60113:1:1",0,"",0,"",0,"",开启中...
3002201,开启,0,"","",2,"1:53300:20:1,1:50200:600:1,1:60113:1:1",0,"",0,"",0,"",开启中...
3002211,开启,0,"","",2,"1:53300:20:1,1:50200:600:1,1:60113:1:1",0,"",0,"",0,"",开启中...
3002221,开启,0,"","",2,"1:53300:20:1,1:50200:600:1,1:60113:1:1",0,"",0,"",0,"",开启中...
3002231,开启,0,"","",2,"1:53300:20:1,1:50200:600:1,1:60113:1:1",0,"",0,"",0,"",开启中...
3002241,开启,0,"","",2,"1:53300:20:1,1:50200:600:1,1:60113:1:1",0,"",0,"",0,"",开启中...
3002251,开启,0,"","",2,"1:53300:20:1,1:50200:600:1,1:60113:1:1",0,"",0,"",0,"",开启中...
3002261,开启,0,"","",2,"1:53300:20:1,1:50200:150:1,1:60105:1:1",0,"",0,"",0,"",开启中...
3002271,开启,0,"","",2,"1:12400:1:1,1:53300:60:1,1:50200:300:1,1:150012:1:1,1:150007:1:1,1:150017:1:1,1:150002:1:1",0,"",0,"",0,"",开启中...
3002281,开启,0,"","",2,"1:53300:20:1,1:50200:450:1,1:60109:1:1",0,"",0,"",0,"",开启中...
3002291,开启,0,"","",2,"1:12400:1:1,1:53300:60:1,1:50200:300:1,1:150012:1:1,1:150007:1:1,1:150017:1:1,1:150002:1:1",0,"",0,"",0,"",开启中...
3002301,开启,0,"","",2,"1:12400:2:1,1:53300:100:1,1:50200:1000:1,1:150012:1:1,1:150007:1:1,1:150017:1:1,1:150002:1:1",9,325026,0,"",0,"",开启中...
3002311,开启,0,"","",2,"1:53300:20:1,1:50200:600:1,1:60113:1:1",0,"",0,"",0,"",开启中...
3002321,开启,0,"","",2,"1:12400:1:1,1:53300:60:1,1:50200:300:1,1:150012:1:1,1:150007:1:1,1:150017:1:1,1:150002:1:1",0,"",0,"",0,"",开启中...
3002331,开启,0,"","",2,"1:12400:3:1,1:53300:100:1,1:50200:300:1,1:150017:1:1,1:150022:1:1,1:150027:1:1,1:150032:1:1",0,"",0,"",0,"",开启中...
3002351,开启,0,"","",2,"1:12400:1:1,1:53300:60:1,1:50200:300:1,1:150012:1:1,1:150007:1:1,1:150017:1:1,1:150002:1:1",0,"",0,"",0,"",开启中...
3002361,开启,0,"","",2,"1:53300:20:1,1:50200:450:1,1:60105:1:1",0,"",0,"",0,"",开启中...
3002371,开启,0,"","",2,"1:53300:20:1,1:50200:450:1,1:60113:1:1",0,"",0,"",0,"",开启中...
3018011,进入,0,"","",4,10000:119:101,0,"",0,"",0,"",进入...
3018021,进入,0,"","",4,10000:122:100,0,"",0,"",0,"",进入...
3018031,进入,0,"","",4,10000:148:125,0,"",0,"",0,"",进入...
3018041,进入,0,"","",4,10000:129:110,0,"",0,"",0,"",进入...
3018051,进入,0,"","",4,10000:117:43,0,"",0,"",0,"",进入...
3018061,进入,0,"","",4,10000:45:18,0,"",0,"",0,"",进入...
3018071,进入,0,"","",4,10000:232:124,0,"",0,"",0,"",进入...
3018081,进入,0,"","",4,10000:254:67,0,"",0,"",0,"",进入...
3018091,进入,0,"","",4,10000:212:120,0,"",0,"",0,"",进入...
3018101,进入,0,"","",4,10000:249:126,0,"",0,"",0,"",进入...
3018111,进入,0,"","",4,10000:266:124,0,"",0,"",0,"",进入...
3018121,进入,0,"","",4,10008:16:18,0,"",0,"",0,"",进入...
3018131,进入,0,"","",4,10007:16:18,0,"",0,"",0,"",进入...
3018141,进入,0,"","",4,10000:39:14,0,"",0,"",0,"",进入...
3018151,进入,0,"","",4,10000:254:67,0,"",0,"",0,"",进入...
3018161,进入,0,"","",4,10000:263:89,0,"",0,"",0,"",进入...
2010011,开启,5,1:12100:1,"",2,1:53300:10:1,0,"",0,"",0,"",开启中...
2010021,开启,5,1:12100:1,"",2,1:53300:10:1,0,"",0,"",0,"",开启中...
2010031,开启,5,1:12100:1,"",2,1:53300:10:1,0,"",0,"",0,"",开启中...
2010041,开启,5,1:12100:1,"",2,1:53300:10:1,0,"",0,"",0,"",开启中...
2010051,开启,5,1:12100:1,"",2,1:53300:10:1,0,"",0,"",0,"",开启中...
2010061,翻找,0,"","",2,1:51400:1:1,0,"",0,"",0,"",翻找...
2010071,翻找,0,"","",2,1:51400:1:1,0,"",0,"",0,"",翻找...
2010081,翻找,0,"","",2,1:51400:1:1,0,"",0,"",0,"",翻找...
2010091,翻找,0,"","",2,1:51400:1:1,0,"",0,"",0,"",翻找...
2010101,偷偷拿走,0,"","",2,1:60700:1:1,0,"",0,"",0,"",悄悄摸摸...
2010111,带走,0,"","",2,1:51400:1:1,0,"",0,"",0,"",带走...
2010121,拿出,0,"","",2,1:51400:1:1,0,"",0,"",0,"",拿出...
2010131,偷偷拿走,0,"","",2,1:60700:1:1,0,"",0,"",0,"",悄悄摸摸...
4010011,翻找,0,"","",2,1:51400:1:1,0,"",0,"",0,"",翻找...
4010021,翻找,0,"","",2,1:51400:1:1,0,"",0,"",0,"",翻找...
4010031,翻找,0,"","",2,1:51400:1:1,0,"",0,"",0,"",翻找...
4010041,翻找,0,"","",2,1:51400:1:1,0,"",0,"",0,"",翻找...
4010051,翻找,0,"","",2,1:51400:1:1,0,"",0,"",0,"",翻找...
4010061,开启,5,1:12100:1,"",2,1:53300:20:1,0,"",0,"",0,"",开启中...
4010071,开启,5,1:12100:1,"",2,1:53300:20:1,0,"",0,"",0,"",开启中...
4010081,开启,5,1:12100:1,"",2,1:53300:20:1,0,"",0,"",0,"",开启中...
4010091,开启,5,1:12100:1,"",2,1:53300:20:1,0,"",0,"",0,"",开启中...
4010101,开启,5,1:12100:1,"",2,1:53300:20:1,0,"",0,"",0,"",开启中...
4010111,偷偷拿走,0,"","",2,1:60700:1:1,0,"",0,"",0,"",悄悄摸摸...
4010121,翻找,0,"","",2,1:50200:400:1,0,"",0,"",0,"",翻找...
4010131,翻找,0,"","",2,3:113023:1:1,0,"",0,"",0,"",翻找...
4010141,偷偷拿走,0,"","",2,3:111023:1:1,0,"",0,"",0,"",悄悄摸摸...
4010151,报仇,1,151,"",12,2000,0,"",0,"",0,"",急急如律令
4010161,购买,5,1:50200:20000,"",2,1:11705:1:1,4,10005:9:8,0,"",0,"",购买...
4110011,购买,5,1:50200:10000,"",2,1:11701:1:1,0,"",0,"",0,"",购买...
5010011,交换,5,1:50200:20000,"",2,1:11703:1:1,4,10000:118:51,0,"",0,"",交换中...
6010011,兑换,5,1:60803:10,"",2,1:11704:1:1,4,10000:206:90,0,"",0,"",兑换...
24010011,采摘,0,"","",2,1:10004:10:1,0,"",0,"",0,"",采摘...
24010021,采摘,0,"","",2,1:10005:10:1,0,"",0,"",0,"",采摘...
24010031,采摘,0,"","",2,1:10003:10:1,0,"",0,"",0,"",采摘...
24010041,采摘,0,"","",2,1:10006:10:1,0,"",0,"",0,"",采摘...
24010051,翻找,0,"","",2,1:50200:1000:1,0,"",0,"",0,"",翻找...
24010061,翻找,0,"","",2,1:60916:1:1,0,"",0,"",0,"",翻找...
24010071,离开,0,"","",0,"",0,"",0,"",0,"",离开...
25010011,探查,0,"","",2,1:102005:3:1,0,"",0,"",0,"",探查...
25010021,探查,0,"","",2,1:102007:3:1,0,"",0,"",0,"",探查...
25010031,探查,0,"","",2,1:102008:3:1,0,"",0,"",0,"",探查...
25010041,探查,0,"","",2,1:101104:1:1,0,"",0,"",0,"",探查...
25010051,探查,0,"","",2,1:101204:1:1,0,"",0,"",0,"",探查...
25010061,探查,0,"","",2,1:101304:1:1,0,"",0,"",0,"",探查...
25010071,参悟,0,"","",2,1:130202:2:1,0,"",0,"",0,"",领悟中...
25010081,离开,0,"","",0,"",0,"",0,"",0,"",离开...
26010011,离开,0,"","",0,"",0,"",0,"",0,"",离开...
26170011,激活,5,1:11703:1,"",5,2617002,5,2617002,0,"",0,"",激活...
26170021,前往,0,"","",4,10004:41:39,0,"",0,"",0,"",前往...
27010011,开启,0,"","",2,"1:53300:20:1,1:50200:150:1,1:60105:1:1",0,"",0,"",0,"",开启中...
27010021,开启,0,"","",2,"1:53300:20:1,1:50200:150:1,1:60105:1:1",0,"",0,"",0,"",开启中...
27010031,开启,0,"","",2,1:160001:15:1,0,"",0,"",0,"",开启中...
27010041,开启,0,"","",2,1:60403:5:1,0,"",0,"",0,"",开启中...
27010051,开启,0,"","",2,"1:102004:5:1,1:102006:2:1",0,"",0,"",0,"",开启中...
27010061,开启,0,"","",2,"1:60907:1:1,1:60700:3:1,1:61000:5:1",0,"",0,"",0,"",开启中...
27010071,离开,0,"","",4,10000:238:15,0,"",0,"",0,"",离开...
28010011,离开,0,"","",4,10000:207:90,0,"",0,"",0,"",离开...
28010021,交换,5,1:11705:1,"",2,"1:301000:50:1,1:15000:200:1,1:50200:10000:1",0,"",0,"",0,"",交换中...
1050051,驱赶,0,"","",11,1000,0,"",0,"",0,"",""
1060091,驱赶,0,"","",11,1001,0,"",0,"",0,"",""
1070061,驱赶,0,"","",11,1002,0,"",0,"",0,"",""
1070071,宰了,0,"","",11,1003,0,"",0,"",0,"",""
4010171,驱赶,0,"","",11,1004,0,"",0,"",0,"",""
4010181,驱赶,0,"","",11,1005,0,"",0,"",0,"",""
4010191,驱赶,0,"","",11,1006,0,"",0,"",0,"",""
4010201,驱赶,0,"","",11,1007,0,"",0,"",0,"",""
4010211,驱赶,0,"","",11,1008,0,"",0,"",0,"",""
4010221,驱赶,0,"","",11,1009,0,"",0,"",0,"",""
4010231,驱赶,0,"","",11,1010,0,"",0,"",0,"",""
4010241,驱赶,0,"","",11,1011,0,"",0,"",0,"",""
4010251,驱赶,0,"","",11,1012,0,"",0,"",0,"",""
4010261,驱赶,0,"","",11,1013,0,"",0,"",0,"",""
4010271,驱赶,0,"","",11,1014,0,"",0,"",0,"",""
4010281,驱赶,0,"","",11,1015,0,"",0,"",0,"",""
4010291,驱赶,0,"","",11,1016,0,"",0,"",0,"",""
4010301,驱赶,0,"","",11,1017,0,"",0,"",0,"",""
4010311,驱赶,0,"","",11,1018,0,"",0,"",0,"",""
4010321,驱赶,0,"","",11,1019,0,"",0,"",0,"",""
4010331,驱赶,0,"","",11,1020,0,"",0,"",0,"",""
4010341,驱赶,0,"","",11,1021,0,"",0,"",0,"",""
3008171,开启,0,"","",2,"1:12400:1:1,1:53300:60:1,1:50200:300:1,1:150012:1:1,1:150007:1:1,1:150017:1:1,1:150002:1:1",0,"",0,"",0,"",开启中...
1070081,驱赶,0,"","",11,1022,0,"",0,"",0,"",""
1070091,清除,0,"","",11,1023,0,"",0,"",0,"",""
1070101,清除,0,"","",11,1024,0,"",0,"",0,"",""
4010351,驱赶,0,"","",11,1025,0,"",0,"",0,"",""
3002341,开启,0,"","",2,"1:53300:20:1,1:53300:60:1,1:50200:300:1,1:150017:1:1,1:150022:1:1,1:150027:1:1,1:150032:1:1",0,"",0,"",0,"",开启中...
4010361,驱赶,0,"","",11,1026,0,"",0,"",0,"",""
4010371,驱赶,0,"","",11,1027,0,"",0,"",0,"",""
4010381,驱赶,0,"","",11,1028,0,"",0,"",0,"",""
4010391,驱赶,0,"","",11,1029,0,"",0,"",0,"",""
4010401,驱赶,0,"","",11,1030,0,"",0,"",0,"",""
4010411,驱赶,0,"","",11,1031,0,"",0,"",0,"",""
4010421,驱赶,0,"","",11,1032,0,"",0,"",0,"",""
4010431,驱赶,0,"","",11,1033,0,"",0,"",0,"",""
4010441,驱赶,0,"","",11,1034,0,"",0,"",0,"",""
4010451,驱赶,0,"","",11,1035,0,"",0,"",0,"",""
4010461,驱赶,0,"","",11,1036,0,"",0,"",0,"",""
4010471,驱赶,0,"","",11,1037,0,"",0,"",0,"",""
4010481,驱赶,0,"","",11,1038,0,"",0,"",0,"",""
4010491,驱赶,0,"","",11,1039,0,"",0,"",0,"",""
4010501,驱赶,0,"","",11,1040,0,"",0,"",0,"",""
4010511,驱赶,0,"","",11,1041,0,"",0,"",0,"",""
4010521,驱赶,0,"","",11,1042,0,"",0,"",0,"",""
4010531,驱赶,0,"","",11,1043,0,"",0,"",0,"",""
4010541,驱赶,0,"","",11,1044,0,"",0,"",0,"",""
4010551,驱赶,0,"","",11,1045,0,"",0,"",0,"",""
4010561,驱赶,0,"","",11,1046,0,"",0,"",0,"",""
4010571,驱赶,0,"","",11,1047,0,"",0,"",0,"",""
4010581,驱赶,0,"","",11,1048,0,"",0,"",0,"",""
4010591,驱赶,0,"","",11,1049,0,"",0,"",0,"",""
4010601,驱赶,0,"","",11,1050,0,"",0,"",0,"",""
4010611,清除,0,"","",11,1051,0,"",0,"",0,"",""
4010621,清除,0,"","",11,1052,0,"",0,"",0,"",""
4010631,清除,0,"","",11,1053,0,"",0,"",0,"",""
4010641,清除,0,"","",11,1054,0,"",0,"",0,"",""
4010651,清除,0,"","",11,1055,0,"",0,"",0,"",""
4010661,清除,0,"","",11,1056,0,"",0,"",0,"",""
4010671,清除,0,"","",11,1057,0,"",0,"",0,"",""
4010681,驱赶,0,"","",11,1058,0,"",0,"",0,"",""
4010691,驱赶,0,"","",11,1059,0,"",0,"",0,"",""
4010701,驱赶,0,"","",11,1060,0,"",0,"",0,"",""
4010711,驱赶,0,"","",11,1061,0,"",0,"",0,"",""
4010721,驱赶,0,"","",11,1062,0,"",0,"",0,"",""
4010731,驱赶,0,"","",11,1063,0,"",0,"",0,"",""
4010741,驱赶,0,"","",11,1064,0,"",0,"",0,"",""
4010751,驱赶,0,"","",11,1065,0,"",0,"",0,"",""
4010761,驱赶,0,"","",11,1066,0,"",0,"",0,"",""
4010771,驱赶,0,"","",11,1067,0,"",0,"",0,"",""
4010781,驱赶,0,"","",11,1068,0,"",0,"",0,"",""
4010791,驱赶,0,"","",11,1069,0,"",0,"",0,"",""
4010801,驱赶,0,"","",11,1070,0,"",0,"",0,"",""
4010811,驱赶,0,"","",11,1071,0,"",0,"",0,"",""
4010821,驱赶,0,"","",11,1072,0,"",0,"",0,"",""
4010831,驱赶,0,"","",11,1073,0,"",0,"",0,"",""
4010841,驱赶,0,"","",11,1074,0,"",0,"",0,"",""
4010851,驱赶,0,"","",11,1075,0,"",0,"",0,"",""
4010861,驱赶,0,"","",11,1076,0,"",0,"",0,"",""
4010871,驱赶,0,"","",11,1077,0,"",0,"",0,"",""
4010881,驱赶,0,"","",11,1078,0,"",0,"",0,"",""
4010891,驱赶,0,"","",11,1079,0,"",0,"",0,"",""
4010901,驱赶,0,"","",11,1080,0,"",0,"",0,"",""
4010911,驱赶,0,"","",11,1081,0,"",0,"",0,"",""
4010921,驱赶,0,"","",11,1082,0,"",0,"",0,"",""
4010931,驱赶,0,"","",11,1083,0,"",0,"",0,"",""
4010941,驱赶,0,"","",11,1084,0,"",0,"",0,"",""
4010951,驱赶,0,"","",11,1085,0,"",0,"",0,"",""
4010961,驱赶,0,"","",11,1086,0,"",0,"",0,"",""
4010971,驱赶,0,"","",11,1087,0,"",0,"",0,"",""
4010981,驱赶,0,"","",11,1088,0,"",0,"",0,"",""
4010991,驱赶,0,"","",11,1089,0,"",0,"",0,"",""
4011001,开启,0,"","",2,"1:12400:1:1,1:53300:60:1,1:50200:300:1,1:150012:1:1,1:150007:1:1,1:150017:1:1,1:150002:1:1",0,"",0,"",0,"",开启中...
4011011,开启,0,"","",2,"1:53300:20:1,1:50200:180:1,1:60117:1:1",0,"",0,"",0,"",开启中...
4011021,开启,0,"","",2,"1:53300:20:1,1:50200:180:1,1:60117:1:1",0,"",0,"",0,"",开启中...
4011031,开启,0,"","",2,"1:53300:20:1,1:50200:180:1,1:60117:1:1",0,"",0,"",0,"",开启中...
4011041,开启,0,"","",2,"1:12400:1:1,1:53300:60:1,1:50200:300:1,1:150012:1:1,1:150007:1:1,1:150017:1:1,1:150002:1:1",0,"",0,"",0,"",开启中...
4011051,开启,0,"","",2,"1:12400:1:1,1:53300:60:1,1:50200:300:1,1:150012:1:1,1:150007:1:1,1:150017:1:1,1:150002:1:1",0,"",0,"",0,"",开启中...
4011071,开启,0,"","",2,"1:12400:1:1,1:53300:60:1,1:50200:300:1,1:150012:1:1,1:150007:1:1,1:150017:1:1,1:150002:1:1",0,"",0,"",0,"",开启中...
4011081,开启,0,"","",2,"1:53300:20:1,1:50200:180:1,1:60117:1:1",0,"",0,"",0,"",开启中...
4011091,开启,0,"","",2,"1:53300:20:1,1:50200:180:1,1:60117:1:1",0,"",0,"",0,"",开启中...
4011101,开启,0,"","",2,"1:53300:20:1,1:50200:540:1,1:60117:1:1",0,"",0,"",0,"",开启中...
4011111,开启,0,"","",2,"1:53300:20:1,1:50200:180:1,1:60117:1:1",0,"",0,"",0,"",开启中...
4011121,开启,0,"","",2,"1:53300:20:1,1:50200:180:1,1:60117:1:1",0,"",0,"",0,"",开启中...
4011131,开启,0,"","",2,"1:53300:20:1,1:50200:180:1,1:60117:1:1",0,"",0,"",0,"",开启中...
4011141,开启,0,"","",2,"1:53300:20:1,1:50200:180:1,1:60117:1:1",0,"",0,"",0,"",开启中...
4011151,修炼,0,"","",2,1:50300:200000:1,0,"",0,"",0,"",开启中...
4011161,修炼,0,"","",2,1:50300:200000:1,0,"",0,"",0,"",修炼中...
4011181,挖掘,0,"","",2,1:50200:20000:1,0,"",0,"",0,"",挖掘中...
4011191,开启,0,"","",2,"1:12400:1:1,1:53300:60:1,1:50200:300:1,1:150012:1:1,1:150007:1:1,1:150017:1:1,1:150002:1:1",0,"",0,"",0,"",开启中...
4011201,开启,0,"","",2,"1:53300:20:1,1:50200:180:1,1:60117:1:1",0,"",0,"",0,"",开启中...
4011211,开启,0,"","",2,"1:12400:1:1,1:53300:60:1,1:50200:300:1,1:150012:1:1,1:150007:1:1,1:150017:1:1,1:150002:1:1",0,"",0,"",0,"",开启中...
4011221,开启,0,"","",2,"1:53300:20:1,1:50200:180:1,1:60117:1:1",0,"",0,"",0,"",开启中...
4011231,开启,0,"","",2,"1:53300:20:1,1:50200:180:1,1:60117:1:1",0,"",0,"",0,"",开启中...
4011241,开启,0,"","",2,"1:53300:20:1,1:50200:180:1,1:60117:1:1",0,"",0,"",0,"",开启中...
4011251,开启,0,"","",2,"1:53300:20:1,1:50200:180:1,1:60117:1:1",0,"",0,"",0,"",开启中...
4011261,开启,0,"","",2,"1:53300:20:1,1:50200:180:1,1:60117:1:1",0,"",0,"",0,"",开启中...
4011271,开启,0,"","",2,"1:53300:20:1,1:50200:180:1,1:60117:1:1",0,"",0,"",0,"",开启中...
4011281,开启,0,"","",2,"1:53300:20:1,1:50200:180:1,1:60117:1:1",0,"",0,"",0,"",开启中...
4011291,开启,0,"","",2,"1:53300:20:1,1:50200:180:1,1:60117:1:1",0,"",0,"",0,"",开启中...
4011301,开启,0,"","",2,"1:53300:20:1,1:50200:180:1,1:60117:1:1",0,"",0,"",0,"",开启中...
4011311,修炼,0,"","",2,1:50300:300000:1,0,"",0,"",0,"",修炼中...
4011321,挖掘,0,"","",2,1:50200:20000:1,0,"",0,"",0,"",修炼中...
4011331,开启,0,"","",2,"1:12400:10:1,1:50200:150:1,1:60117:1:1,1:150003:1:1,1:150008:1:1,1:150013:1:1,1:150018:1:1",0,"",0,"",0,"",开启中...
4011341,开启,0,"","",2,"1:12400:2:1,1:53300:100:1,1:50200:1000:1,1:150012:1:1,1:150007:1:1,1:150017:1:1,1:150002:1:1",0,"",0,"",0,"",开启中...
4011351,开启,0,"","",2,"1:53300:20:1,1:50200:180:1,1:60117:1:1",0,"",0,"",0,"",开启中...
4011361,开启,0,"","",2,"1:53300:20:1,1:50200:180:1,1:60117:1:1",0,"",0,"",0,"",开启中...
4011371,开启,0,"","",2,"1:53300:20:1,1:50200:180:1,1:60117:1:1",0,"",0,"",0,"",开启中...
4011381,开启,0,"","",2,"1:12400:1:1,1:53300:60:1,1:50200:300:1,1:150012:1:1,1:150007:1:1,1:150017:1:1,1:150002:1:1",0,"",0,"",0,"",开启中...
4011391,开启,0,"","",2,"1:53300:20:1,1:50200:180:1,1:60117:1:1",0,"",0,"",0,"",开启中...
4011401,开启,0,"","",2,"1:53300:20:1,1:50200:180:1,1:60117:1:1",0,"",0,"",0,"",开启中...
4011411,开启,0,"","",2,"1:12400:1:1,1:53300:60:1,1:50200:300:1,1:150012:1:1,1:150007:1:1,1:150017:1:1,1:150002:1:1",0,"",0,"",0,"",开启中...
4011421,开启,0,"","",2,"1:12400:1:1,1:53300:60:1,1:50200:300:1,1:150012:1:1,1:150007:1:1,1:150017:1:1,1:150002:1:1",0,"",0,"",0,"",开启中...
4011431,开启,0,"","",2,"1:53300:20:1,1:50200:180:1,1:60117:1:1",0,"",0,"",0,"",开启中...
4011441,开启,0,"","",2,"1:53300:20:1,1:50200:180:1,1:60117:1:1",0,"",0,"",0,"",开启中...
4011451,开启,0,"","",2,"1:12400:1:1,1:53300:60:1,1:50200:300:1,1:150012:1:1,1:150007:1:1,1:150017:1:1,1:150002:1:1",0,"",0,"",0,"",开启中...
4011461,开启,0,"","",2,"1:12400:1:1,1:53300:60:1,1:50200:300:1,1:150012:1:1,1:150007:1:1,1:150017:1:1,1:150002:1:1",0,"",0,"",0,"",开启中...
4011471,开启,0,"","",2,"1:53300:20:1,1:50200:180:1,1:60117:1:1",0,"",0,"",0,"",开启中...
4011481,开启,0,"","",2,"1:12400:2:1,1:53300:100:1,1:50200:1000:1,1:150012:1:1,1:150007:1:1,1:150017:1:1,1:150002:1:1",0,"",0,"",0,"",开启中...
4011491,修炼,0,"","",2,1:50300:300000:1,0,"",0,"",0,"",修炼中...
4011501,挖掘,0,"","",2,1:50200:30000:1,0,"",0,"",0,"",修炼中...
4011511,开启,0,"","",2,"1:12400:1:1,1:53300:60:1,1:50200:300:1,1:150012:1:1,1:150007:1:1,1:150017:1:1,1:150002:1:1",0,"",0,"",0,"",开启中...
4011521,修炼,0,"","",2,1:50300:300000:1,0,"",0,"",0,"",修炼中...
4011531,开启,0,"","",2,"1:12400:1:1,1:53300:60:1,1:50200:300:1,1:150012:1:1,1:150007:1:1,1:150017:1:1,1:150002:1:1",0,"",0,"",0,"",开启中...
4011541,开启,0,"","",2,"1:12400:1:1,1:53300:60:1,1:50200:300:1,1:150012:1:1,1:150007:1:1,1:150017:1:1,1:150002:1:1",0,"",0,"",0,"",开启中...
4011551,开启,0,"","",2,"1:12400:2:1,1:53300:100:1,1:50200:1000:1,1:150012:1:1,1:150007:1:1,1:150017:1:1,1:150002:1:1",0,"",0,"",0,"",开启中...
4011561,挖掘,0,"","",2,1:50200:20000:1,5,401165,0,"",0,"",修炼中...
4011571,搜寻,0,"","",2,"1:12400:2:1,1:50200:540:1,1:60117:1:1,1:150012:1:1,1:150007:1:1,1:150017:1:1,1:150002:1:1",0,"",0,"",0,"",搜寻中...
4011581,摸一手金,0,"","",2,1:53300:60:1,0,"",0,"",0,"",开启中...
4011591,修炼,0,"","",2,1:50300:300000:1,0,"",0,"",0,"",修炼中...
4011601,修炼,0,"","",2,1:50300:300000:1,0,"",0,"",0,"",修炼中...
4011611,开启,0,"","",2,"1:53300:20:1,1:50200:180:1,1:60117:1:1",0,"",0,"",0,"",开启中...
4011621,开启,0,"","",2,"1:53300:20:1,1:50200:180:1,1:60117:1:1",0,"",0,"",0,"",开启中...
4011631,开启,0,"","",2,"1:12400:2:1,1:53300:100:1,1:50200:1000:1,1:150012:1:1,1:150007:1:1,1:150017:1:1,1:150002:1:1",0,"",0,"",0,"",开启中...
4011641,开启,0,"","",2,"1:12400:1:1,1:53300:60:1,1:50200:300:1,1:150012:1:1,1:150007:1:1,1:150017:1:1,1:150002:1:1",0,"",0,"",0,"",开启中...
4011651,查看,0,"","",0,"",0,"",0,"",0,"",查看中...
4011661,痴心妄想！,0,"","",11,50218,0,"",0,"",0,"",""
4011671,破开监牢,0,"","",5,401172,5,401165,0,"",0,"",修炼中...
4011681,查看,0,"","",0,"",0,"",0,"",0,"",查看中...
4011691,看招！,0,"","",11,30225,0,"",0,"",0,"",""
4011701,找死！,0,"","",11,30226,0,"",0,"",0,"",""
4011711,给我住手！,0,"","",11,30227,0,"",0,"",0,"",""
4011731,查看,0,"","",9,0,0,"",0,"",0,"",查看中...
4011741,开启,0,"","",2,"1:53300:20:1,1:50200:360:1,1:60121:1:1",0,"",0,"",0,"",开启中...
4011751,开启,0,"","",2,"1:53300:20:1,1:50200:360:1,1:60121:1:1",0,"",0,"",0,"",开启中...
4011761,开启,0,"","",2,"1:53300:20:1,1:50200:360:1,1:60121:1:1",0,"",0,"",0,"",开启中...
4011771,开启,0,"","",2,"1:53300:20:1,1:50200:360:1,1:60121:1:1",0,"",0,"",0,"",开启中...
4011781,开启,0,"","",2,"1:53300:20:1,1:50200:360:1,1:60121:1:1",0,"",0,"",0,"",开启中...
4011791,开启,0,"","",2,"1:53300:20:1,1:50200:360:1,1:60121:1:1",0,"",0,"",0,"",开启中...
4011801,开启,0,"","",2,"1:53300:20:1,1:50200:360:1,1:60121:1:1",0,"",0,"",0,"",开启中...
4011811,开启,0,"","",2,"1:53300:20:1,1:50200:360:1,1:60121:1:1",0,"",0,"",0,"",开启中...
4011821,开启,0,"","",2,"1:53300:20:1,1:50200:360:1,1:60121:1:1",0,"",0,"",0,"",开启中...
4011831,开启,0,"","",2,"1:53300:20:1,1:50200:360:1,1:60121:1:1",0,"",0,"",0,"",开启中...
4011841,开启,0,"","",2,"1:53300:20:1,1:50200:360:1,1:60121:1:1",0,"",0,"",0,"",开启中...
4011851,开启,0,"","",2,"1:53300:20:1,1:50200:480:1,1:60121:1:1",0,"",0,"",0,"",开启中...
4011861,挖掘,0,"","",2,1:50200:40000:1,0,"",0,"",0,"",挖掘中...
4011871,开启,0,"","",2,"1:53300:20:1,1:50200:480:1,1:60121:1:1",0,"",0,"",0,"",开启中...
4011881,开启,0,"","",2,"1:53300:20:1,1:50200:480:1,1:60121:1:1",0,"",0,"",0,"",开启中...
4011891,查看,0,"","",2,"1:60700:1:1,1:50200:20000:1",0,"",0,"",0,"",查看中...
4011901,修炼,0,"","",2,"1:53300:20:1,1:50200:480:1,1:60121:1:1",0,"",0,"",0,"",修炼中…
4011911,挖掘,0,"","",2,1:50200:40000:1,0,"",0,"",0,"",挖掘中...
4011921,修炼,0,"","",2,"1:53300:20:1,1:50200:480:1,1:60121:1:1",0,"",0,"",0,"",修炼中…
4011931,修炼,0,"","",2,"1:53300:20:1,1:50200:480:1,1:60121:1:1",0,"",0,"",0,"",修炼中…
4011941,挖掘,0,"","",2,1:50200:40000:1,0,"",0,"",0,"",挖掘中...
4011951,查看,0,"","",2,"1:60700:1:1,1:50200:20000:1",0,"",0,"",0,"",查看中...
4011961,挖掘,0,"","",2,1:50200:40000:1,0,"",0,"",0,"",挖掘中...
4011971,修炼,0,"","",2,"1:53300:20:1,1:50200:480:1,1:60121:1:1",0,"",0,"",0,"",修炼中…
4011981,修炼,0,"","",2,"1:53300:20:1,1:50200:480:1,1:60121:1:1",0,"",0,"",0,"",修炼中…
4011991,查看,0,"","",2,"1:60700:1:1,1:50200:20000:1",0,"",0,"",0,"",查看中...
4012001,修炼,0,"","",2,"1:53300:20:1,1:50200:480:1,1:60121:1:1",0,"",0,"",0,"",修炼中…
4012011,修炼,0,"","",2,"1:53300:20:1,1:50200:480:1,1:60121:1:1",0,"",0,"",0,"",修炼中…
4012021,挖掘,0,"","",2,1:50200:40000:1,0,"",0,"",0,"",挖掘中...
4012031,修炼,0,"","",2,"1:53300:20:1,1:50200:480:1,1:60121:1:1",0,"",0,"",0,"",修炼中…
4012041,查看,0,"","",2,"1:60700:1:1,1:50200:20000:1",0,"",0,"",0,"",查看中...
4012051,挖掘,0,"","",2,1:50200:40000:1,0,"",0,"",0,"",挖掘中...
4012061,修炼,0,"","",2,"1:53300:20:1,1:50200:480:1,1:60121:1:1",0,"",0,"",0,"",修炼中…
4012071,查看,0,"","",2,"1:60700:1:1,1:50200:20000:1",0,"",0,"",0,"",查看中...
4012081,挖掘,0,"","",2,1:50200:40000:1,0,"",0,"",0,"",挖掘中...
4012091,挖掘,0,"","",2,1:50200:40000:1,0,"",0,"",0,"",挖掘中...
4012101,修炼,0,"","",2,1:50300:400000:1,0,"",0,"",0,"",修炼中…
4012111,开启,0,"","",2,"1:12400:1:1,1:53300:60:1,1:50200:300:1,1:150012:1:1,1:150007:1:1,1:150017:1:1,1:150002:1:1",0,"",0,"",0,"",开启中...
4012121,开启,0,"","",2,"1:12400:1:1,1:53300:60:1,1:50200:300:1,1:150012:1:1,1:150007:1:1,1:150017:1:1,1:150002:1:1",0,"",0,"",0,"",开启中...
4012131,开启,0,"","",2,"1:12400:1:1,1:53300:60:1,1:50200:300:1,1:150012:1:1,1:150007:1:1,1:150017:1:1,1:150002:1:1",0,"",0,"",0,"",开启中...
4012141,开启,0,"","",2,"1:12400:1:1,1:53300:60:1,1:50200:300:1,1:150012:1:1,1:150007:1:1,1:150017:1:1,1:150002:1:1",0,"",0,"",0,"",开启中...
4012151,开启,0,"","",2,"1:12400:2:1,1:53300:100:1,1:50200:1000:1,1:150012:1:1,1:150007:1:1,1:150017:1:1,1:150002:1:1",0,"",0,"",0,"",开启中...
4012161,开启,0,"","",2,"1:12400:2:1,1:53300:100:1,1:50200:1000:1,1:150012:1:1,1:150007:1:1,1:150017:1:1,1:150002:1:1",0,"",0,"",0,"",开启中...
4012171,摸一手金,0,"","",1,14,0,"",0,"",0,"",""
4012172,原地超度,2,Lucky:10,"",2,1:53300:100:1,0,"",0,"",0,"",""
4012181,挖掘,0,"","",2,"1:50200:20000:1,1:60806:5:1,1:150022:20:1,1:150020:1:1,1:12800:30:1",5,401219,0,"",0,"",挖掘中...
3250431,战斗,0,"","",11,60146,0,"",0,"",0,"",准备中
3250441,战斗,0,"","",11,60147,0,"",0,"",0,"",准备中
3250451,踏上桥面,0,"","",9,325045,0,"",0,"",0,"",准备中
3250461,战斗,0,"","",11,60148,0,"",0,"",0,"",准备中
3250471,攻破结界,0,"","",9,325047,0,"",0,"",0,"",准备中
4012201,开启,0,"","",2,"1:12400:1:1,1:53300:60:1,1:50200:300:1,1:150012:1:1,1:150007:1:1,1:150017:1:1,1:150002:1:1",0,"",0,"",0,"",开启中...
